{"stats":{"minecraft:custom":{"minecraft:time_since_rest":1529,"minecraft:play_time":9353,"minecraft:sprint_one_cm":18098,"minecraft:walk_one_cm":12568,"minecraft:damage_taken":800,"minecraft:deaths":3,"minecraft:walk_under_water_one_cm":1462,"minecraft:jump":139,"minecraft:damage_dealt":38,"minecraft:time_since_death":1937,"minecraft:walk_on_water_one_cm":190,"minecraft:total_world_time":9353,"minecraft:swim_one_cm":4140,"minecraft:fall_one_cm":3864,"minecraft:fly_one_cm":26188},"minecraft:killed_by":{"born_in_chaos_v1:corpse_fish":1,"undead_revamp2:bomber":1},"minecraft:mined":{"minecraft:grass_block":1,"minecraft:dirt":3},"minecraft:picked_up":{"minecraft:arrow":1,"minecraft:dirt":4},"minecraft:used":{"minecraft:dirt":1,"tombstone:gift":2,"alexsmobs:animal_dictionary":3,"tombstone:grave_key":1}},"DataVersion":3465}