{"stats":{"minecraft:killed":{"enemyexpansion:meature":1},"minecraft:custom":{"minecraft:time_since_rest":33856,"minecraft:crouch_one_cm":1660,"minecraft:sprint_one_cm":66074,"minecraft:play_time":33856,"minecraft:damage_taken":180,"tombstone:undead_killed":1,"minecraft:walk_one_cm":30887,"minecraft:sneak_time":998,"tombstone:sneak_grave":2,"minecraft:walk_under_water_one_cm":389,"minecraft:mob_kills":1,"minecraft:drop":4,"minecraft:jump":546,"minecraft:damage_dealt":69,"minecraft:leave_game":2,"minecraft:walk_on_water_one_cm":723,"minecraft:time_since_death":33856,"minecraft:total_world_time":33856,"minecraft:swim_one_cm":4405,"minecraft:fall_one_cm":4860,"minecraft:fly_one_cm":485100},"minecraft:dropped":{"tombstone:grave_dust":2,"born_in_chaos_v1:monster_flesh":1,"minecraft:egg":1},"minecraft:used":{"tombstone:gift":2,"alexsmobs:animal_dictionary":2,"minecraft:egg":3},"minecraft:picked_up":{"born_in_chaos_v1:monster_flesh":1,"tombstone:grave_dust":1,"minecraft:egg":2}},"DataVersion":3465}