{"stats":{"minecraft:picked_up":{"born_in_chaos_v1:monster_flesh":1,"tombstone:grave_dust":1,"minecraft:egg":2},"minecraft:custom":{"minecraft:time_since_rest":34479,"minecraft:crouch_one_cm":1660,"minecraft:sprint_one_cm":66728,"minecraft:play_time":34479,"minecraft:damage_taken":180,"tombstone:undead_killed":1,"minecraft:walk_one_cm":31560,"minecraft:sneak_time":1022,"tombstone:sneak_grave":2,"minecraft:walk_under_water_one_cm":389,"minecraft:mob_kills":1,"minecraft:drop":4,"minecraft:jump":552,"minecraft:damage_dealt":79,"minecraft:leave_game":2,"minecraft:walk_on_water_one_cm":723,"minecraft:time_since_death":34479,"minecraft:total_world_time":34479,"minecraft:swim_one_cm":4405,"minecraft:fall_one_cm":4860,"minecraft:fly_one_cm":496663},"minecraft:killed":{"enemyexpansion:meature":1},"minecraft:used":{"tombstone:gift":2,"alexsmobs:animal_dictionary":2,"minecraft:egg":3},"minecraft:dropped":{"tombstone:grave_dust":2,"born_in_chaos_v1:monster_flesh":1,"minecraft:egg":1}},"DataVersion":3465}