{"stats":{"minecraft:mined":{"minecraft:birch_leaves":2},"minecraft:used":{"alexsmobs:animal_dictionary":4,"minecraft:egg":1},"minecraft:picked_up":{"minecraft:egg":1},"minecraft:custom":{"minecraft:jump":176,"minecraft:time_since_rest":10709,"minecraft:leave_game":2,"minecraft:play_time":10709,"minecraft:sprint_one_cm":27028,"minecraft:damage_taken":120,"minecraft:time_since_death":10709,"minecraft:walk_one_cm":8101,"minecraft:sneak_time":49,"minecraft:total_world_time":10709,"minecraft:fall_one_cm":6088,"minecraft:fly_one_cm":53752}},"DataVersion":3465}